"rep","generation","p_major","VA_major","VA_background","VA_major_theory"
1,0,0.09125,1.00125156445558,1.00125156445557,0.500000000000006
1,1,0.31875,1.20319606796847,0.386032758411364,1.30933089634642
1,2,0.5625,1.43949604054872,0.463859932590003,1.4838612424865
1,3,0.768125,1.02990470484331,0.43603582843239,1.07393633057603
1,4,0.930625,0.390904299949664,0.48921158882805,0.389287463963374
1,5,0.995625,0.0261816596365857,0.440968293230567,0.0262643439920111
1,6,1,0,0.397669060510351,0
1,7,1,0,0.395135890558058,0
1,8,1,0,0.376389736265101,0
1,9,1,0,0.362541404734485,0
1,10,1,0,0.330043274561613,0
1,11,1,0,0.315231745603377,0
1,12,1,0,0.327463786160322,0
1,13,1,0,0.287175292890717,0
1,14,1,0,0.262749754498024,0
1,15,1,0,0.249786703183579,0
1,16,1,0,0.239532497545864,0
1,17,1,0,0.228843354333973,0
1,18,1,0,0.228675422397003,0
2,0,0.2225,1.00125156445557,1.00125156445557,0.499999999999999
2,1,0.0275,0.0752051014308003,0.46761603923353,0.0772968676614037
2,2,0.0075,0.0213786507674858,0.393623951713338,0.021514505581849
2,3,0,0,0.390016416081765,0
2,4,0,0,0.364176265341194,0
2,5,0,0,0.352128524658023,0
2,6,0,0,0.340736962723735,0
2,7,0,0,0.322955331350459,0
2,8,0,0,0.330641856191889,0
2,9,0,0,0.347356385375529,0
2,10,0,0,0.363649470158126,0
2,11,0,0,0.311492014586804,0
2,12,0,0,0.326082691234973,0
2,13,0,0,0.307941802917458,0
2,14,0,0,0.30534467675453,0
2,15,0,0,0.309246260970469,0
2,16,0,0,0.311737191103859,0
2,17,0,0,0.283386590186598,0
2,18,0,0,0.252877400102796,0
3,0,0.01625,1.00125156445556,1.00125156445557,0.499999999999994
3,1,0.086875,2.36536017984554,0.431771784754607,2.48117241716349
3,2,0.315,6.89905486148558,0.519311471954708,6.74890040074276
3,3,0.601875,7.74673258002951,0.510061649132811,7.49475857687412
3,4,0.88,3.20838933526644,0.48970571082801,3.30290294203886
3,5,0.990625,0.288088583018869,0.522533574980055,0.290477470432995
3,6,1,0,0.446845392794486,0
3,7,1,0,0.367753155049347,0
3,8,1,0,0.358102266092746,0
3,9,1,0,0.344065892819838,0
3,10,1,0,0.374293264658431,0
3,11,1,0,0.390308857520825,0
3,12,1,0,0.313460485762863,0
3,13,1,0,0.298268087328586,0
3,14,1,0,0.241383830700927,0
3,15,1,0,0.282085718244199,0
3,16,1,0,0.316890648999102,0
3,17,1,0,0.268002802256732,0
3,18,1,0,0.248916487276416,0
4,0,0.34875,1.00125156445557,1.00125156445557,0.5
4,1,0.089375,0.178318165285498,0.41664680005364,0.179169332480273
4,2,0.05,0.10469956301106,0.400419137297619,0.104568688557296
4,3,0.015625,0.0333643755483436,0.473769084867648,0.0338601324995356
4,4,0,0,0.379310526809015,0
4,5,0,0,0.337740205802761,0
4,6,0,0,0.324323148857154,0
4,7,0,0,0.322447286250801,0
4,8,0,0,0.297913405280521,0
4,9,0,0,0.252010501647028,0
4,10,0,0,0.282128380787526,0
4,11,0,0,0.29333976696019,0
4,12,0,0,0.256272257646254,0
4,13,0,0,0.268619664664726,0
4,14,0,0,0.224410076854409,0
4,15,0,0,0.223189337016734,0
4,16,0,0,0.218888673988909,0
4,17,0,0,0.191008182168785,0
4,18,0,0,0.188419986946016,0
5,0,0.88125,1.00125156445558,1.00125156445557,0.500000000000004
5,1,0.65125,1.09071015888189,0.465741736726738,1.08517357222845
5,2,0.43,1.1849675849945,0.490453008576764,1.17106382978724
5,3,0.218125,0.803538951498262,0.552304838848866,0.81485442329228
5,4,0.080625,0.33546599169081,0.497793684775943,0.354160134378503
5,5,0,0,0.447909931402731,0
5,6,0,0,0.375596958461057,0
5,7,0,0,0.360292205133321,0
5,8,0,0,0.415081902560167,0
5,9,0,0,0.36759489023172,0
5,10,0,0,0.367014005663377,0
5,11,0,0,0.338735393853786,0
5,12,0,0,0.328544874780616,0
5,13,0,0,0.30700829603703,0
5,14,0,0,0.317512535067511,0
5,15,0,0,0.313379733258341,0
5,16,0,0,0.2679137926728,0
5,17,0,0,0.231913728148047,0
5,18,0,0,0.231301465547281,0
6,0,0.75125,1.00125156445556,1.00125156445557,0.499999999999997
6,1,0.941875,0.151007327876975,0.427526831605321,0.146480112709972
6,2,0.98,0.0514359619396064,0.41362409276504,0.0524419100494149
6,3,0.9925,0.0197907900431689,0.414368089706289,0.0199165544862413
6,4,0.994375,0.014899601767906,0.387006596450189,0.0149656351641735
6,5,1,0,0.402996911095786,0
6,6,1,0,0.36906482366457,0
6,7,1,0,0.347267975398997,0
6,8,1,0,0.387824482673875,0
6,9,1,0,0.353086894327294,0
6,10,1,0,0.30594455460144,0
6,11,1,0,0.331652949672192,0
6,12,1,0,0.26814162738399,0
6,13,1,0,0.276046573818712,0
6,14,1,0,0.272124871661342,0
6,15,1,0,0.286348092605467,0
6,16,1,0,0.261399928234432,0
6,17,1,0,0.253347116120651,0
6,18,1,0,0.238277207502539,0
7,0,0.89125,1.00125156445557,1.00125156445557,0.5
7,1,1,0,0.374505722823163,0
7,2,1,0,0.329680804198329,0
7,3,1,0,0.374464629892562,0
7,4,1,0,0.354431743822991,0
7,5,1,0,0.350995285373186,0
7,6,1,0,0.326726899322216,0
7,7,1,0,0.316374042230564,0
7,8,1,0,0.283892672830052,0
7,9,1,0,0.27296150930007,0
7,10,1,0,0.276966946288697,0
7,11,1,0,0.277160538961822,0
7,12,1,0,0.222568653286941,0
7,13,1,0,0.202563264448006,0
7,14,1,0,0.208837991742283,0
7,15,1,0,0.173546756244048,0
7,16,1,0,0.178360264930281,0
7,17,1,0,0.159249091909155,0
7,18,1,0,0.151432939104068,0
8,0,0.73,1.00125156445556,1.00125156445557,0.499999999999997
8,1,0.40375,0.64507797354506,0.446298622844674,0.61069492009132
8,2,0.224375,0.450681867682139,0.405039171037396,0.44147858796296
8,3,0.084375,0.197194028685018,0.432310269899348,0.195981378424656
8,4,0.01875,0.04583831006414,0.35948592436491,0.0466728500761032
8,5,0.0075,0.0187639419898921,0.333111219647024,0.0188831811263317
8,6,0,0,0.32507526769986,0
8,7,0,0,0.312916683108819,0
8,8,0,0,0.349988355941542,0
8,9,0,0,0.322526733590414,0
8,10,0,0,0.321457167259255,0
8,11,0,0,0.253767354579156,0
8,12,0,0,0.252395313331791,0
8,13,0,0,0.280973694102137,0
8,14,0,0,0.26192881698895,0
8,15,0,0,0.245542258032592,0
8,16,0,0,0.22210853759824,0
8,17,0,0,0.190014023280666,0
8,18,0,0,0.188137953056543,0
9,0,0.1125,1.00125156445556,1.00125156445557,0.499999999999996
9,1,0.005,0.0248197570907294,0.384406237820641,0.0249139280125194
9,2,0,0,0.318423670981054,0
9,3,0,0,0.301165381480128,0
9,4,0,0,0.342244964991391,0
9,5,0,0,0.332082392264493,0
9,6,0,0,0.325909319170548,0
9,7,0,0,0.334971659027136,0
9,8,0,0,0.305049225102487,0
9,9,0,0,0.29410840173486,0
9,10,0,0,0.286412654349237,0
9,11,0,0,0.284688783978287,0
9,12,0,0,0.26639462877637,0
9,13,0,0,0.233575310552459,0
9,14,0,0,0.208570025349241,0
9,15,0,0,0.2215356670427,0
9,16,0,0,0.208762970549667,0
9,17,0,0,0.207175047102891,0
9,18,0,0,0.186957972499784,0
10,0,0.87125,1.00125156445557,1.00125156445557,0.500000000000001
10,1,0.98625,0.0596781691898064,0.396108416654939,0.0604462954966503
10,2,1,0,0.383940280436816,0
10,3,1,0,0.397576029690296,0
10,4,1,0,0.383111435308566,0
10,5,1,0,0.377416109239339,0
10,6,1,0,0.377890797451244,0
10,7,1,0,0.424014461880548,0
10,8,1,0,0.354227004861911,0
10,9,1,0,0.341546798494214,0
10,10,1,0,0.325435290668321,0
10,11,1,0,0.277696877862108,0
10,12,1,0,0.272004741481353,0
10,13,1,0,0.250960766291673,0
10,14,1,0,0.264391047532159,0
10,15,1,0,0.224992957794438,0
10,16,1,0,0.210208651455755,0
10,17,1,0,0.209239614465278,0
10,18,1,0,0.194951123838035,0
11,0,0.3525,1.00125156445556,1.00125156445557,0.499999999999998
11,1,0.69875,0.443604698923845,0.442309530548105,0.461126399956185
11,2,0.845,0.294900238979272,0.439037286560042,0.286919137982966
11,3,0.9475,0.108545002428313,0.394381916186113,0.108970672800459
11,4,0.996875,0.00681147992947311,0.366536175565028,0.00682435855308202
11,5,1,0,0.340082955286635,0
11,6,1,0,0.344184377282762,0
11,7,1,0,0.344096679050551,0
11,8,1,0,0.316596334266582,0
11,9,1,0,0.310618404264169,0
11,10,1,0,0.325258474257493,0
11,11,1,0,0.291959460407272,0
11,12,1,0,0.298297628511837,0
11,13,1,0,0.301027007368558,0
11,14,1,0,0.308169913135124,0
11,15,1,0,0.278988168444606,0
11,16,1,0,0.266272529079711,0
11,17,1,0,0.229278294099698,0
11,18,1,0,0.239322486247793,0
12,0,0.4875,1.00125156445557,1.00125156445557,0.500000000000001
12,1,0.175,0.280525766651717,0.41756935703682,0.288930581613509
12,2,0.079375,0.141313289516837,0.407080584627993,0.146240619136961
12,3,0.0325,0.0633938138745978,0.369194403978067,0.0629268292682928
12,4,0.004375,0.00868972394354733,0.343174077168041,0.00871716697936212
12,5,0,0,0.377564805647746,0
12,6,0,0,0.322302218951568,0
12,7,0,0,0.330924766746116,0
12,8,0,0,0.327141623975541,0
12,9,0,0,0.312520424213483,0
12,10,0,0,0.322833200806702,0
12,11,0,0,0.281017351421539,0
12,12,0,0,0.283667797760938,0
12,13,0,0,0.287735773865185,0
12,14,0,0,0.268918549767268,0
12,15,0,0,0.247023299581028,0
12,16,0,0,0.22259388807141,0
12,17,0,0,0.223813379132438,0
12,18,0,0,0.230754675396875,0
13,0,0.265,1.00125156445558,1.00125156445557,0.500000000000008
13,1,0.025,0.0610440884503148,0.485758695976761,0.062572198690798
13,2,0.019375,0.0478694087028636,0.427720401112741,0.0487732239122071
13,3,0.0025,0.00639356505348034,0.334988485459156,0.00640161725067395
13,4,0,0,0.332601342162483,0
13,5,0,0,0.37950263418818,0
13,6,0,0,0.373537185934598,0
13,7,0,0,0.354749315723229,0
13,8,0,0,0.388873348064609,0
13,9,0,0,0.370153902152238,0
13,10,0,0,0.340106666314257,0
13,11,0,0,0.308950856672306,0
13,12,0,0,0.268413446996356,0
13,13,0,0,0.243998356489024,0
13,14,0,0,0.263725605347486,0
13,15,0,0,0.26098403336049,0
13,16,0,0,0.247646039378445,0
13,17,0,0,0.225027275225757,0
13,18,0,0,0.195943435483743,0
14,0,0.55875,1.00125156445557,1.00125156445557,0.500000000000003
14,1,0.173125,0.288195101378102,0.379997447323324,0.290313611042457
14,2,0.049375,0.0954336636216306,0.415149927651839,0.0951884137878592
14,3,0.02125,0.0438532588167416,0.442756469868351,0.0421792117421148
14,4,0.003125,0.00630576992463275,0.341605545681655,0.00631769239056731
14,5,0,0,0.326249704836827,0
14,6,0,0,0.327694053160428,0
14,7,0,0,0.312823106447159,0
14,8,0,0,0.271845911050225,0
14,9,0,0,0.25188607578542,0
14,10,0,0,0.275974034405123,0
14,11,0,0,0.271545267903219,0
14,12,0,0,0.250641561105828,0
14,13,0,0,0.233199880339001,0
14,14,0,0,0.204278277729965,0
14,15,0,0,0.186068975252666,0
14,16,0,0,0.167735406608048,0
14,17,0,0,0.173270233770599,0
14,18,0,0,0.170335504953858,0
15,0,0.22125,1.00125156445556,1.00125156445557,0.499999999999996
15,1,0.065,0.182470018765577,0.373832854335013,0.176365499542036
15,2,0.01875,0.0524365226100323,0.380868425177248,0.0533911907935899
15,3,0.001875,0.00542752058703841,0.379161359496521,0.00543093832467281
15,4,0.004375,0.0126006552817441,0.370341409546801,0.0126404494382021
15,5,0.004375,0.0126006552817441,0.364163655606212,0.0126404494382021
15,6,0.00875,0.024978852588779,0.340311012483569,0.0251698089252839
15,7,0.001875,0.00542752058703841,0.357508750777118,0.00543093832467281
15,8,0,0,0.30271602448836,0
15,9,0,0,0.275032999436192,0
15,10,0,0,0.308984847617648,0
15,11,0,0,0.317180225243765,0
15,12,0,0,0.296538627587576,0
15,13,0,0,0.267485801574443,0
15,14,0,0,0.267546407063857,0
15,15,0,0,0.319789452904082,0
15,16,0,0,0.286441683051554,0
15,17,0,0,0.278703050528127,0
15,18,0,0,0.283790781015357,0
16,0,0.15375,1.00125156445558,1.00125156445557,0.500000000000005
16,1,0.008125,0.0307544185729277,0.434093072391907,0.0309696653096519
16,2,0,0,0.406547339316418,0
16,3,0,0,0.379625745209707,0
16,4,0,0,0.326528767526795,0
16,5,0,0,0.362859747066565,0
16,6,0,0,0.301419726923081,0
16,7,0,0,0.33826492771692,0
16,8,0,0,0.345027916206832,0
16,9,0,0,0.329125174429377,0
16,10,0,0,0.293059725376569,0
16,11,0,0,0.285043135186181,0
16,12,0,0,0.26097457787361,0
16,13,0,0,0.235097272184918,0
16,14,0,0,0.253611298479977,0
16,15,0,0,0.212714932268141,0
16,16,0,0,0.21725107414148,0
16,17,0,0,0.176882477392583,0
16,18,0,0,0.201863839367254,0
17,0,0.54625,1.00125156445557,1.00125156445557,0.499999999999998
17,1,0.844375,0.251840353454785,0.426177412850471,0.265079807855967
17,2,0.929375,0.132597301619428,0.427898370658645,0.132407127232382
17,3,0.965,0.0682687300789342,0.360353950340426,0.0681329626617746
17,4,0.98625,0.0270083113912499,0.37690903768727,0.0273559392552527
17,5,0.991875,0.0161440776959499,0.404343635238016,0.0162570682905612
17,6,1,0,0.380430552512564,0
17,7,1,0,0.358582618328808,0
17,8,1,0,0.349176307305884,0
17,9,1,0,0.315501128777714,0
17,10,1,0,0.291549373068829,0
17,11,1,0,0.277409184371771,0
17,12,1,0,0.284399082624997,0
17,13,1,0,0.253165917771482,0
17,14,1,0,0.241334547946802,0
17,15,1,0,0.182711234276594,0
17,16,1,0,0.239187150894322,0
17,17,1,0,0.217646846405073,0
17,18,1,0,0.216319239306972,0
18,0,0.28125,1.00125156445558,1.00125156445557,0.500000000000004
18,1,0.101875,0.216369011989627,0.445242816556235,0.226310144927538
18,2,0.048125,0.107711450907839,0.567521117536336,0.113305314009663
18,3,0.025625,0.0602085940759288,0.46736706867329,0.0617574879227058
18,4,0.0025,0.00616035745164553,0.444054089806013,0.00616811594202904
18,5,0.00125,0.00308791786834996,0.387847317087515,0.00308792270531403
18,6,0.004375,0.0107399950421119,0.399948472386447,0.0107739130434783
18,7,0,0,0.355175690725604,0
18,8,0,0,0.358560939408242,0
18,9,0,0,0.404754032421359,0
18,10,0,0,0.340034073070971,0
18,11,0,0,0.335701413658715,0
18,12,0,0,0.332650205831613,0
18,13,0,0,0.320966371044629,0
18,14,0,0,0.270166339030443,0
18,15,0,0,0.271021135273652,0
18,16,0,0,0.241081520044538,0
18,17,0,0,0.198645069812178,0
18,18,0,0,0.160557228264867,0
19,0,0.20375,1.00125156445557,1.00125156445557,0.500000000000002
19,1,0.058125,0.170082391395405,0.419987055809849,0.168724899114908
19,2,0.010625,0.0320897891151683,0.403876615423443,0.0323975980198593
19,3,0,0,0.36104975588074,0
19,4,0,0,0.335210675926179,0
19,5,0,0,0.298048245169907,0
19,6,0,0,0.324840866249852,0
19,7,0,0,0.323860032041627,0
19,8,0,0,0.310940388227397,0
19,9,0,0,0.282688589387983,0
19,10,0,0,0.263695426407073,0
19,11,0,0,0.249677215309243,0
19,12,0,0,0.292679692259699,0
19,13,0,0,0.251328261688806,0
19,14,0,0,0.258368687360429,0
19,15,0,0,0.228657796837728,0
19,16,0,0,0.208105717978143,0
19,17,0,0,0.197161595983031,0
19,18,0,0,0.199338438218872,0
20,0,0.69,1.00125156445558,1.00125156445557,0.500000000000007
20,1,0.9275,0.16263316522933,0.469384691114488,0.157185016362789
20,2,0.975625,0.0542677382492499,0.405025462483263,0.0555887315918662
20,3,0.99125,0.0201206978568936,0.362184243219747,0.0202745149602622
20,4,0.998125,0.00437191826388883,0.34614425145427,0.00437467128330993
20,5,1,0,0.340988669293601,0
20,6,1,0,0.326130019612062,0
20,7,1,0,0.34163545697402,0
20,8,1,0,0.31145361769557,0
20,9,1,0,0.305659890327635,0
20,10,1,0,0.323220299317402,0
20,11,1,0,0.278604480839764,0
20,12,1,0,0.256481638667208,0
20,13,1,0,0.273814489490636,0
20,14,1,0,0.256666421289949,0
20,15,1,0,0.246942828158114,0
20,16,1,0,0.226287046268038,0
20,17,1,0,0.239942960794896,0
20,18,1,0,0.214625066364013,0
